排名,UP主,UP主头像,标题,视频链接,封面图,作品分布ip,作品类别,评论数量,播放量,点赞数量,弹幕数量
1,为了玲飞护肤纪录片,https://i1.hdslb.com/bfs/face/73ee41745c1233b16f2137def345e4d49ac98c97.jpg,线下去找骗癌症妈妈救命钱的网红，我被打了。,https://b23.tv/BV1JJ4m1K7YZ,http://i0.hdslb.com/bfs/archive/1ae8fc6830f833a8f1b5deb2c9cc7999838631c1.jpg,广东,日常,7132,4599507,554363,5808
2,崩坏星穹铁道,https://i2.hdslb.com/bfs/face/57b6e8c16b909a49bfc8d8394d946f908cabe728.jpg,《崩坏：星穹铁道》知更鸟角色PV——「孤独摇摆」,https://b23.tv/BV1Am411y7iK,http://i0.hdslb.com/bfs/archive/58f792d55377869a5595f9ec76af06e49d87429d.jpg,上海,手机游戏,10495,2968741,304464,13205
3,ChriSONGS的音乐小巢,https://i0.hdslb.com/bfs/face/1f40782dc971e4557a4fa5f18b8316c8bee6e880.jpg,当你弹琴时遇到了原唱 曲名:Lose Control  歌手:Teddy Swims 钢琴家:Emilio Piano 翻译:音乐小巢,https://b23.tv/BV1tD421K7Fv,http://i2.hdslb.com/bfs/archive/85634c76190a229a571cdb8940eb4403fdf9aff1.jpg,广东,演奏,619,2604894,384021,1361
4,阿蔡美食雕刻,https://i0.hdslb.com/bfs/face/65586a53d1b3da333f68ec1af5f87f396495b282.jpg,四菜一汤教程,https://b23.tv/BV1Lr421J7js,http://i2.hdslb.com/bfs/archive/88891d9e4d0c2cfb633b9d0f361b0138d72cc5bc.jpg,福建,美食制作,3216,5406166,543073,3559
5,小约翰可汗,https://i0.hdslb.com/bfs/face/7bf719c45f6710877b39d08d2ce701c0e43c72ed.jpg,被克格勃策反的理由可以有多离谱？【硬核狠人66】,https://b23.tv/BV18J4m1n7To,http://i1.hdslb.com/bfs/archive/05fed7771d5517d583fe2e7e880d5a1734e933b4.jpg,江苏,人文历史,23952,2666697,206815,6016
6,龙腾虎跃龙兽医,https://i0.hdslb.com/bfs/face/697d80194c5a980fa55b9a200ce8b8ecc41ab39a.jpg,吃亏是福？我爸总吃亏，被上汽大众赞助一台车,https://b23.tv/BV1Q4421f7nn,http://i1.hdslb.com/bfs/archive/87432de0307e780b7e19e07b52748942bec17541.jpg,黑龙江,三农,5029,1574390,302356,3695
7,河南说唱之神official,https://i1.hdslb.com/bfs/face/5647f17db2e16e81d8569751280376a50ba55d51.jpg,[MV]河南说唱之神-工厂,https://b23.tv/BV1yE42157bX,http://i0.hdslb.com/bfs/archive/887967723aa312d3bf6b83cbebb84b60521606f8.jpg,河南,原创音乐,3097,2241112,175721,9386
8,伤心欲茄222,https://i1.hdslb.com/bfs/face/1f0cb64d9b62da7db7e6e020b78b6872dbffe55c.jpg,《太奶の魂环》,https://b23.tv/BV16t421F7Yb,http://i0.hdslb.com/bfs/archive/04a3d1e74096d0b97e821c28f235919b54488fdf.jpg,辽宁,搞笑,1570,2950753,387849,1816
9,小野日记-,https://i0.hdslb.com/bfs/face/bc3376d1185831b31980a6fe75f249b0145cdca5.jpg,历时一年多，我居然真的用草莓上的籽种出了草莓！,https://b23.tv/BV1xw4m1X7EN,http://i2.hdslb.com/bfs/archive/126a64e83288ba3833e0861794e7e3f67fe79289.jpg,湖北,三农,783,3789900,312170,1706
10,七颗猩猩QKXX,https://i1.hdslb.com/bfs/face/e48329f6999d331dcb3cb5ca7ecf2b4b1100d83d.jpg,下集家人们想看王妈还是继续当老师！,https://b23.tv/BV1hz421U79V,http://i1.hdslb.com/bfs/archive/8ee4ac0d8872af55544d0db3d655e906d94e0534.jpg,湖北,搞笑,3012,2670627,281979,4092
11,卢克文工作室,https://i0.hdslb.com/bfs/face/e2df11b8512dc487ab406705e46fc469fde30cc0.jpg,【卢克文工作室】捞女在今天的中国是怎样的存在？,https://b23.tv/BV16m411C7gi,http://i0.hdslb.com/bfs/archive/8871d4c1ae0822903cdeb278dbb9eb896c4a107b.jpg,四川,社会,9196,1383676,101823,7539
12,江问渔渔渔,https://i2.hdslb.com/bfs/face/c5fdfeb69e3b010b6e9ed0902e6ae58f182fefaf.jpg,你看懂过了吗？,https://b23.tv/BV1Px4y1q7xY,http://i2.hdslb.com/bfs/archive/752e5d1e6dba7acfbf0629231caff8b01f39bfc2.jpg,广东,短片,1025,969499,165456,1832
13,一诺求生录,https://i2.hdslb.com/bfs/face/e538b8899d6e9bf18161c979d04b5752c32d8630.jpg,制作夺走生命的吊坠，一诺想害人？,https://b23.tv/BV1Yz421U7Gk,http://i2.hdslb.com/bfs/archive/298ad088ffc13f7e1bf309eeefa8c8d71ab85382.jpg,广东,野生技能协会,382,2285910,196958,1310
14,十一的看脸日记,https://i2.hdslb.com/bfs/face/1a08b6e86bf485e3a93e56c2e805826acf25a997.jpg,最早do脸的明星 现在怎么样了？,https://b23.tv/BV1qM4m1Z7WX,http://i1.hdslb.com/bfs/archive/5c5e76fe152d70766b1afed15e1f939ceb01b4e4.jpg,浙江,美妆护肤,2418,2022817,170008,3287
15,安静君,https://i0.hdslb.com/bfs/face/cdba11407adb6611ad1e0dff1f483fbdcba6db7d.jpg,弗利萨大人大驾光临地球,https://b23.tv/BV1rw4m1C7f6,http://i0.hdslb.com/bfs/archive/0efed189de30077ee7e8dc0746b2e8e762519b4d.jpg,山东,配音,2017,1742400,215925,5097
16,哈仔十一,https://i2.hdslb.com/bfs/face/4c4f01fe482e61655e8f13b1bbc5a2a7346b5610.jpg,欠它一次出场费，我决定救它一命！,https://b23.tv/BV1gJ4m1N7iQ,http://i2.hdslb.com/bfs/archive/085b25ae7360d2419b1390eb8d10ffc43e3c043c.jpg,湖南,汪星人,2337,753195,124962,3845
17,脱缰凯Kk,https://i1.hdslb.com/bfs/face/1367615bfd41b079eae1ac1225dbefcc260acbbb.jpg,好了，以后没教室了，不更新了。,https://b23.tv/BV1Mt421F7Fr,http://i2.hdslb.com/bfs/archive/7030fb7b3bd49cecc95e5962676ac7a33829cb74.jpg,辽宁,小剧场,2570,2532290,232399,1956
18,粤知一二,https://i1.hdslb.com/bfs/face/45526a0992aa6cb190863f49be6ac2f49f9bd8d9.jpg,长辈刻在DNA里的东西,https://b23.tv/BV1Cm421H7Xt,http://i1.hdslb.com/bfs/archive/b9de9461170b0b0f0d78f9b28f04c504438061d8.jpg,广东,搞笑,3671,1625939,184514,1566
19,叙利亚屑水母,https://i1.hdslb.com/bfs/face/0dcbcf99bd7ba6deff1f9f199c0011b8714fd714.jpg,当我在漫展吹角色的主题曲,https://b23.tv/BV16r421E7k1,http://i0.hdslb.com/bfs/archive/c08a3fc83a522ac777e4c4f6d8dc79911f69e365.jpg,广东,演奏,1965,1190227,161842,4647
20,碎嘴企鹅,https://i2.hdslb.com/bfs/face/c26776af9a1585e569d489c37e1869acbf8fc171.jpg,当你成了受害者：遍地都是《受害者有罪论》,https://b23.tv/BV1HD421K7QQ,http://i0.hdslb.com/bfs/archive/a082ca7229d44aae833c334f55e05f08c2c1fb92.jpg,上海,搞笑,640,610972,141561,1786
21,幻雪HX,https://i0.hdslb.com/bfs/face/3fb34a11f3986a1a13dc94280685af6d126af0a5.jpg,幸福了…幸福疯了！,https://b23.tv/BV1fw4m1C7Kf,http://i2.hdslb.com/bfs/archive/7310976a1a316bf12b892c24fccbedb592c62980.jpg,辽宁,仿妆cos,477,2430181,290979,1421
22,无敌小浓瓜,https://i0.hdslb.com/bfs/face/c530ad22a23c5fb1b19503b60b757c7fd08973a0.jpg,烤肉太烫怎么办,https://b23.tv/BV1er421E7Lt,http://i2.hdslb.com/bfs/archive/2ed4f84513d748d362d1e466f45e334408f9100f.jpg,江苏,亲子,310,2223290,195896,1027
23,何大爷课堂,https://i1.hdslb.com/bfs/face/e83a5998b4d5b983e4130bc5446fcaa01a009632.jpg,考考你，怎么样衔接才完美？,https://b23.tv/BV1ET421Q76n,http://i1.hdslb.com/bfs/archive/f8c3c03ab8c20845fe005c6307204b237b5cea80.jpg,福建,人文历史,372,1905271,213550,712
24,血狼破军,https://i1.hdslb.com/bfs/face/428499a9ba6ffe71e65b1b59895803c77c438136.jpg,【方舟测评#39】 新神已至！满潜专九维什戴尔数据与实战测评,https://b23.tv/BV1AJ4m1J7Z5,http://i2.hdslb.com/bfs/archive/2f9d62fce69d73dd7b77484a3b31695e1246de47.jpg,广东,手机游戏,6801,771449,75834,5303
25,河野华,https://i0.hdslb.com/bfs/face/d098210fe84dff4d895b60c1b9b99c9b6e22081c.jpg,为了COS爱莉希雅卖花，彻底碎掉了…！,https://b23.tv/BV19w4m1C79y,http://i1.hdslb.com/bfs/archive/3e6a63838c79689717b2c18ff0eaa7042f19bb63.jpg,上海,仿妆cos,1543,685839,85146,1545
26,魔改丶老K,https://i1.hdslb.com/bfs/face/72944733ed71427db33c891b9d9526b5e4356a42.jpg,我终于来点燃上海了～,https://b23.tv/BV1Li421k7T4,http://i1.hdslb.com/bfs/archive/ebb4a24cc19089a43bee19d27bb6d82f06967fbc.jpg,上海,特摄,256,1185721,226185,1308
27,麦克阿瑟MacArthur,https://i0.hdslb.com/bfs/face/4e554be985dae649662aacdaf71869b8dba36ff0.jpg,大型纪录片之《漫展显眼包》,https://b23.tv/BV13Z421E7Ce,http://i2.hdslb.com/bfs/archive/0c970fac93857c9b10b6731f4d2f6198769e0864.jpg,广东,搞笑,2709,2916611,505084,2854
28,水果猎人杨晓洋,https://i1.hdslb.com/bfs/face/de5ee14e2c0aa6f8581b184b1d20fde241f46720.jpg,【水果猎人】网络热门水果鉴定57,https://b23.tv/BV1Xw4m1C7Xy,http://i0.hdslb.com/bfs/archive/8be6f91af7f6093e20102bbf3374eaa221599a77.jpg,广东,科学科普,925,1027164,120571,692
29,华晨宇工作室,https://i1.hdslb.com/bfs/face/1bfa31a8b8f13a92b00e5482facc4218e607200f.jpg,华晨宇看日出演唱会15分钟《向阳而生》（日出live版）,https://b23.tv/BV1AD421K7Ha,http://i0.hdslb.com/bfs/archive/9675d9769a9faab06d38221d8973d4ed4e98c460.jpg,山东,音乐现场,18719,971135,79969,16691
30,小砍丶,https://i1.hdslb.com/bfs/face/16822691d65d92ff970719c6644fdb7615df5d0b.jpg,出声就死,https://b23.tv/BV1uz421U7RR,http://i0.hdslb.com/bfs/archive/341f1bf457034ae249ef171e06019ccd0290b0c2.jpg,上海,单机游戏,14281,1570441,189284,2573
31,污龟の黑头,https://i1.hdslb.com/bfs/face/81783662d18ab6eb02f20150d759fac3035d7683.jpg,大型记录片《六十块一个月》,https://b23.tv/BV1qx4y1Y7Xt,http://i0.hdslb.com/bfs/archive/95737bc6f9786e6b1396acae27e3cc24a75d6464.jpg,江西,搞笑,1571,3954074,236142,4157
32,美术饭,https://i0.hdslb.com/bfs/face/00e18fa90ae6a1655084bb22176bf416109d5f58.jpg,美术生的联考物理外挂,https://b23.tv/BV1PE421L7rF,http://i1.hdslb.com/bfs/archive/47b9050f5d156a71cce4829d30a6ca4c881f6fb1.jpg,河南,绘画,390,1890333,165743,2259
33,伊水yis,https://i2.hdslb.com/bfs/face/4e847387595f44555c0cb349c55882347709702e.jpg,看好了！一生只能使用一次的 白手起家β,https://b23.tv/BV1Hi421k7z8,http://i1.hdslb.com/bfs/archive/a46d7aa9a8021bcf7b8df1d1153c35e4c2b4054d.jpg,山东,手机游戏,2695,915393,143972,3206
34,凳子凳子_,https://i2.hdslb.com/bfs/face/64ecb75c42979112b3a2b694ac8d95ccd07a2fe5.jpg,宿舍里真正的狠人,https://b23.tv/BV18b421878p,http://i0.hdslb.com/bfs/archive/43bd4f50c6e2f62ad73e6a3e411e9912ff84b176.jpg,四川,搞笑,609,2047530,208715,2357
35,G2电子竞技俱乐部,https://i1.hdslb.com/bfs/face/ad8f8ee057f7a82ddb69b3ac5ce2742468cb3563.jpg,【LOL】2024MSI宣传片 | 不成都便成兔,https://b23.tv/BV1im421W7sR,http://i1.hdslb.com/bfs/archive/9294928d9a3a86345db79ae5882947cd9c733917.jpg,四川,电子竞技,1085,938011,85723,2442
36,人民航天,https://i1.hdslb.com/bfs/face/5d77d093292585683bd59e49b969b8d7d9c1ef06.jpg,在月球建立直辖市的可能性，13秒出你千万别深想,https://b23.tv/BV1Rf421U7A3,http://i2.hdslb.com/bfs/archive/bd3aa82be0d781fb05a5a4cca673943bc51aebaf.jpg,河南,科学科普,2348,644977,107305,4716
37,大猫饲养员breeder,https://i2.hdslb.com/bfs/face/57dad1dfa9494c335ca0622aa12ea1f7e440a70c.jpg,这下谁还分得清老虎和猫啊？,https://b23.tv/BV1or421E7V2,http://i1.hdslb.com/bfs/archive/a674f5576e193581be19dd4982b7419026fd2e4c.jpg,河南,野生动物,1394,1367376,139567,2249
38,1二山,https://i0.hdslb.com/bfs/face/99d10ca6af96e59a9a47617cf1ebc10b78bf528e.jpg,情侣深山打造世外桃源半年全过程。为自由欢呼，为梦想点赞。心中有所坚持，必定找到属于我们自己的世外桃源！,https://b23.tv/BV1jr421g7Mp,http://i0.hdslb.com/bfs/archive/6f252272a702bc3215d92abbe83f41cbc9f743bc.jpg,福建,三农,4480,574383,77570,2015
39,锤子game,https://i0.hdslb.com/bfs/face/009b1f74b7f495f5fad13b9b922f89ba03a0d775.jpg,宿 舍 游 戏 高 手 现 状,https://b23.tv/BV1Xs421P7KS,http://i2.hdslb.com/bfs/archive/733879795dfd5f3b89874749cc203743127a83ca.jpg,上海,网络游戏,796,1568070,159565,2524
40,馋逗儿-,https://i2.hdslb.com/bfs/face/15d487e83d4f009f131484fb8efcc9ab0dd6871b.jpg,00后整顿职场？这张饼我能吃一整顿。,https://b23.tv/BV1PE421V7gM,http://i1.hdslb.com/bfs/archive/cff7934b4cd6ed6914f00f45a9bb4f4d9d9e2c82.jpg,上海,搞笑,149,1200974,139082,601
41,暗区突围,https://i0.hdslb.com/bfs/face/9fb5b78af4a4345f650b783cf8a1b176d8389b8f.jpg,暗区真人剧【卡莫纳的故事】第六集：狗牌,https://b23.tv/BV1Mb4218786,http://i0.hdslb.com/bfs/archive/0b6f18fa10deb8e3ab9d409d4c7a625212d79b48.jpg,上海,手机游戏,1371,1467477,64540,672
42,嘞是唐孃孃,https://i0.hdslb.com/bfs/face/7685255299c9892d57048aca5f960c59b6850533.jpg,《倒反天罡》,https://b23.tv/BV1gT421Q7XY,http://i2.hdslb.com/bfs/archive/6a1fe244c189e40bb27c77e3e4ab81daf8829d2b.jpg,重庆,搞笑,163,1182434,167510,466
43,吕宸joker,https://i1.hdslb.com/bfs/face/1ce5deeee84f731577d07cacaaf0a47b18429ae0.jpg,使劲儿看第九期｜表面上是这两笔，其实背后是他的功底,https://b23.tv/BV1Tm421H77j,http://i0.hdslb.com/bfs/archive/4578cc1f0cfe88c67f7fb3b469794c2839df2a00.jpg,北京,人文历史,489,980194,108793,345
44,谢谢艺,https://i1.hdslb.com/bfs/face/592435cb6007a37741562fc7ab85ea2da1aaba42.jpg,《大学生流浪小技巧》,https://b23.tv/BV1ki42117tH,http://i2.hdslb.com/bfs/archive/4f7047e6ede5c93791b36db6836e4a7ff962da75.jpg,江西,搞笑,1689,4411673,766779,3532
45,阳桃SunOfPeach,https://i1.hdslb.com/bfs/face/0f7886738f47325ed40ab25c78a8338f5f9bfc8b.jpg,大雪天 被一群日本初中女生抓住拍照，并用中文叫我别离开,https://b23.tv/BV1Pz421S717,http://i0.hdslb.com/bfs/archive/5382f7aca0ed190df421a728532fb2ab448c86b5.jpg,日本,日常,847,732919,67782,1069
46,派小轩,https://i0.hdslb.com/bfs/face/452f239756a610ef39b377b32b2b140f9794b487.jpg,我的青春没有黑历史！,https://b23.tv/BV1dJ4m1N7mJ,http://i1.hdslb.com/bfs/archive/a148d777984d8813561cab0b33b0e5d2daa3cc76.jpg,北京,小剧场,1195,745139,96941,1424
47,RK贝今天也很快乐,https://i0.hdslb.com/bfs/face/b1670fa62d9bc30ed556da56ddc514eeb61f850c.jpg,钟表小子痛哥,https://b23.tv/BV1Dm421H7ch,http://i2.hdslb.com/bfs/archive/5af1d25faf8ab6985e3eb0be24328bfd1bc76bc9.jpg,山东,MMD·3D,341,653098,125085,726
48,泛式,https://i0.hdslb.com/bfs/face/2608aaa45309c77ac88fbfaa40e160b8c7892985.jpg,看完4月新番，我无地自容！羞愧难当！【泛式】,https://b23.tv/BV1LZ421E7mS,http://i2.hdslb.com/bfs/archive/83a807e37597e50605455d70900879ff3c1952a7.jpg,上海,动漫杂谈,10787,2086823,259032,5249
49,MrBeast官方账号,https://i1.hdslb.com/bfs/face/d85295bc576e059c1a549d89d405f22311571898.jpg,【MrBeast官方】给你10分钟内逃离否则房间将爆炸!,https://b23.tv/BV15Z421E7fo,http://i1.hdslb.com/bfs/archive/6371130e5aa2ac9eb13257ff335757e1e3061a4f.jpg,北京,日常,2430,1068727,92745,916
50,_张天琪,https://i0.hdslb.com/bfs/face/8ebbf4fc358baf9ded623dc113ca92cc431843de.jpg,今天赶海真是收获满满呀～,https://b23.tv/BV1Vi421y7AT,http://i0.hdslb.com/bfs/archive/3e92c237c3dabb542236d3ca9a0a5db0c4668dd3.jpg,上海,搞笑,556,593354,89106,642
51,小甜饼pomogisebe,https://i1.hdslb.com/bfs/face/6bec2039f6429effd00d12ad8e8095c3322720b6.jpg,谁不是感情里的演员，____________ 。,https://b23.tv/BV1Ji421k7xk,http://i2.hdslb.com/bfs/archive/5161cb853bdb2cc087966164e8626364b9c678a5.jpg,上海,仿妆cos,407,439190,145362,1452
52,害羞7,https://i0.hdslb.com/bfs/face/7cc4c22029b6ec322cbc56cf3118d7749355fb64.jpg,水母抓路人跳晚安大小姐,https://b23.tv/BV1vx4y1q7G4,http://i2.hdslb.com/bfs/archive/00fde790882202519775d2c1c6486e6a8f65ccad.jpg,上海,日常,232,654926,58829,585
53,穿毛裤的小拉泽,https://i0.hdslb.com/bfs/face/023c69a89a95db1b7991a024c0806d2ed7e58021.jpg,外卖备注：我真饿了爸爸！结果收到后太炸裂了！！,https://b23.tv/BV1Ub42187FQ,http://i1.hdslb.com/bfs/archive/f82229648558a49d189198e70869ad74866cf02f.jpg,山东,美食测评,4025,1379535,57645,1662
54,奇啊是我,https://i1.hdslb.com/bfs/face/547dfd036073e09408830f025a1a5be8898f182b.jpg,天使:ban虫子!,https://b23.tv/BV1Cw4m1C79u,http://i2.hdslb.com/bfs/archive/24c50796d9f0ac84706e465521d41d529430618c.jpg,山东,电子竞技,846,762463,79571,418
55,青木雄太,https://i0.hdslb.com/bfs/face/b6f9e4d8e6a3e483a007d4a83830ce12fd2a52ea.jpg,漫 展 采 访【 星铁嘉年华（中）】,https://b23.tv/BV14f421U7s4,http://i2.hdslb.com/bfs/archive/91433f47400a23825b1432198cc58c27e74e6026.jpg,未知,搞笑,460,868473,120703,464
56,基本祐利_,https://i2.hdslb.com/bfs/face/2dbf5b34ff7fa8d240c192c026721987a10b079e.jpg,在贵州见了真正的我的菜(˃̣̣̣̣︿˂̣̣̣̣ ) 8块钱的豆豉火锅特别特别特别好吃 所以我特别难过了 呜呜呜 在南京可以开一个吗  大家都来吃吧！,https://b23.tv/BV1ZH4y1V7ZG,http://i1.hdslb.com/bfs/archive/838cacbf9a35d1db8da776c06798575df82af898.jpg,江苏,日常,1034,1090067,111686,1890
57,直面泰山,https://i1.hdslb.com/bfs/face/14be2422bae56ebd0b99276dbc0c835b5442b76e.jpg,发明人：黑魂加里奥 发明项目：直面泰山,https://b23.tv/BV1Q14216761,http://i2.hdslb.com/bfs/archive/3a3e6a42e1831c0ac122f92e7de59e7beb1119cf.jpg,湖南,网络游戏,397,879456,78325,443
58,人民网,https://i0.hdslb.com/bfs/face/4b5468ab22ee0ba672f070def7ed55986c581a4a.jpg,如果科学解释不了，那就交给爱吧❤️,https://b23.tv/BV1ut421F75o,http://i2.hdslb.com/bfs/archive/ff5b8be627119e35c21ce5eb33af63d675bc6ea5.png,,日常,182,699001,146864,1518
59,大陌DM的奇异世界,https://i0.hdslb.com/bfs/face/ea7cca125c413d97a9457bfcc2964acb1a01b4f3.jpg,电脑到手后玩家必备的软件-雪藏HsFreezer 游戏暂停器  随停随玩不等待!你没用的船新版本,https://b23.tv/BV19H4y137hx,http://i2.hdslb.com/bfs/archive/df721a56e8700534e04840cfa518c53a15f5a978.jpg,广西,数码,307,780356,49349,1458
60,落九川,https://i1.hdslb.com/bfs/face/c79a4d736236255643ed2ca51a8475d38a2c8bc0.jpg,不敢去漫展 怕有女bt,https://b23.tv/BV1fr421E7Wf,http://i2.hdslb.com/bfs/archive/8535da688019d10b3d48e659609116a0e229d489.jpg,江苏,搞笑,592,1175177,67557,919
61,骆驼新星,https://i0.hdslb.com/bfs/face/8ac50e5cfc1d8d7b2ae41305d97a98e65e7e2cb6.jpg,每天都给它们做美食 反而对我疑心重重 以为我要害它,https://b23.tv/BV1X4421f7XJ,http://i1.hdslb.com/bfs/archive/58ed5e8a703b962ceb28d1b440e96fb4a3bd1734.jpg,新疆,动物综合,2007,983069,133284,1287
62,渤海小吏,https://i1.hdslb.com/bfs/face/60d7ec1a95e5f85e8e5b2c1d49656cbcff176604.jpg,宇宙大将军为什么带800败兵就能颠覆南国？,https://b23.tv/BV1YT42197EF,http://i2.hdslb.com/bfs/archive/9181a4c42254d9db8104922b5755fc6427c782bd.jpg,天津,人文历史,4577,552250,41137,2143
63,陶阿狗君,https://i1.hdslb.com/bfs/face/709f5e580d6dfb6862b485999fe9babe1ce74a4a.jpg,在美女和阿狗之间，选择做我自己,https://b23.tv/BV14r421E7Gn,http://i2.hdslb.com/bfs/archive/b21a6250a30508bd2b3dd7aa2faaf3504fdd5f16.jpg,广东,穿搭,464,473829,99246,517
64,乔乔和夫夫,https://i0.hdslb.com/bfs/face/b57ca61dabc302b80dec0ba2195628eac85fb4a4.jpg,《超公平情侣》,https://b23.tv/BV1MT421971m,http://i1.hdslb.com/bfs/archive/28f068ef248342e3ea939cc0ce8797d0f8be08b2.jpg,广东,小剧场,266,1075365,141991,663
65,俄罗斯夫妇在中国,https://i0.hdslb.com/bfs/face/99cea6f488b292d79f2d2b979271cba4cf50f1df.jpg,很想知道他当时脑子里在想什么,https://b23.tv/BV1Gs421T7gi,http://i1.hdslb.com/bfs/archive/9e5fe2817a6a3949d4f0feafb1ea4d5f15a2a414.png,河北,亲子,240,823782,147668,652
66,自在道末,https://i0.hdslb.com/bfs/face/ae955565abbf1fec9dc98e18e393d43acade4340.jpg,要不要来玩,https://b23.tv/BV1eM4m1Z7DS,http://i1.hdslb.com/bfs/archive/ff328e518cb8b42476580a6eac8a02bf15841785.jpg,江西,日常,287,708735,113107,1182
67,KerryDowdle,https://i1.hdslb.com/bfs/face/394117ea25e0c267ec167d5c4a435951b56534f2.jpg,我可能是车展里唯一一个不在地上趴着的外国人,https://b23.tv/BV1R142167k5,http://i2.hdslb.com/bfs/archive/8ab8662b6896004323b97bcb1004e9daa31dc056.jpg,泰国,日常,2282,1049163,43909,1625
68,猪宝子在门口,https://i1.hdslb.com/bfs/face/bb3cd873c00c06813e89b7ec2c95305d3ff5af5b.jpg,旅行中的《家庭调情》,https://b23.tv/BV1Nb421h7HE,http://i1.hdslb.com/bfs/archive/d759d231d3aa613e4e33e5edd4a45bcda0690f89.jpg,福建,搞笑,223,806297,135932,644
69,张煜东East,https://i1.hdslb.com/bfs/face/9ce89ecb800253e732261f19925f2f6fb6c7117c.jpg,花了上百万！用4斤重的黄金亲手制作求婚信物！,https://b23.tv/BV11C411E7Km,http://i1.hdslb.com/bfs/archive/fdf3167345bd628266c381b87af16ffa4669c1b0.jpg,北京,手工,1451,427581,50327,1298
70,对话中的暂停,https://i2.hdslb.com/bfs/face/742b4acc37b5c18adb1abcdb27cbd4b6dee3cfb4.jpg,那里的毛毛怎么剪?,https://b23.tv/BV1Hm421H77s,http://i2.hdslb.com/bfs/archive/394542f595c8f1ef707d2f2a3f4d8b63fd6fde91.jpg,上海,短片,292,577055,101000,1541
71,钮祜禄-安舒,https://i2.hdslb.com/bfs/face/4a21d3c3d3027007fcbdacc8e205ceb6098d5f6e.jpg,跟它爹一个死出,https://b23.tv/BV17M4m1d7uN,http://i0.hdslb.com/bfs/archive/3455671c0a5088a30268a29ed416b8a5429acff0.jpg,安徽,动物二创,247,1059843,157005,554
72,米花设计,https://i0.hdslb.com/bfs/face/1bb59fa5c8fa9ebf36d7f5d8d6de258c2a5b7b9a.jpg,Ps技巧｜给嘴唇自然上色,https://b23.tv/BV1Gx4y1q7BQ,http://i1.hdslb.com/bfs/archive/3a71ead63575f7e8772292ed9f9b0c14b6180805.jpg,天津,设计·创意,177,621138,70411,578
73,皮小浪呀,https://i1.hdslb.com/bfs/face/b9ce678e41a9fc05ee00682575b94fe90b99cd72.jpg,蓝色妖姬你不爱 别去渣女身上找存在,https://b23.tv/BV1Fr421g7dq,http://i0.hdslb.com/bfs/archive/f0702cdccbc917d76ee103bce3edeee868439c8b.jpg,四川,搞笑,829,782566,130538,1024
74,狗の石,https://i2.hdslb.com/bfs/face/ec40657e66ab3f20655f18829cdfc8b0eaf22c48.jpg,上课就该睡觉！,https://b23.tv/BV18f421U7CF,http://i0.hdslb.com/bfs/archive/accedabb6b59e189c43995e40f1445fb2e0adf2d.jpg,印度尼西亚,搞笑,951,525533,103894,1053
75,八零九零音乐,https://i1.hdslb.com/bfs/face/b777b5e9ecad31a57a48110abda0bb4e269f115d.jpg,8090后当年就是吃了多少细糠，才看不上现在的新歌,https://b23.tv/BV1JT421Q73i,http://i2.hdslb.com/bfs/archive/21af1c650a97c2433406131c5c5a2370fee0d01d.jpg,四川,音乐综合,8328,1189943,21893,3544
76,黑翼罗少,https://i1.hdslb.com/bfs/face/d3cf08a19ea80d97f10d6aa574c140ee4eba4f7c.jpg,植物大战僵尸（中文东北味）,https://b23.tv/BV1Yz421U76j,http://i2.hdslb.com/bfs/archive/aeb02833f72d5b67ba68d8d40200360b6cc0dee5.jpg,黑龙江,配音,436,963336,111659,491
77,斯嘉紫,https://i1.hdslb.com/bfs/face/05a0d554c8added3fdd3304aec04379060941251.jpg,班主任：我这结义是结了个啥？,https://b23.tv/BV1Zx4y1q7JD,http://i2.hdslb.com/bfs/archive/811a054e729d14f6d362dbb8e5f8063b49fee315.jpg,重庆,小剧场,252,546232,91237,206
78,影视飓风,https://i0.hdslb.com/bfs/face/c1733474892caa45952b2c09a89323157df7129a.jpg,【现场视频】M4芯片的iPad Pro，摸到了！,https://b23.tv/BV1oC41177MH,http://i0.hdslb.com/bfs/archive/50606bb9032028bedf69452e57e26368857e8f01.jpg,浙江,日常,1747,890674,61376,2731
79,暗阳花-夏,https://i2.hdslb.com/bfs/face/10769edf0a640ad0ba03e8695e5ebf278b72830a.jpg,【知更鸟】欢迎来到我的世界,https://b23.tv/BV1hm421H7Vg,http://i1.hdslb.com/bfs/archive/5f23ee2157c7d27b38755b99b9a36d8b99ff26d2.jpg,北京,短片·手书,135,408393,119280,492
80,指尖灬旋律丿,https://i1.hdslb.com/bfs/face/e93724a6acb29837834963c7b7488cba7c06af7e.jpg,《提 瓦 特 联 播》这音色也太合适了！！晚风圆号、诗琴演奏新闻联播开场+ED,https://b23.tv/BV1Br421E736,http://i2.hdslb.com/bfs/archive/9ba77ee87f9587ab2d5048e1558620459943b15d.jpg,甘肃,手机游戏,874,537444,65057,1383
81,托马斯家的,https://i1.hdslb.com/bfs/face/b3da8d3336415f2de8b9c6b2da38f1fc1a511a03.jpg,停更四个月，抽空去生了个娃~,https://b23.tv/BV13C411E79U,http://i2.hdslb.com/bfs/archive/fc00d098ed4c693f0923481f339f1246e6c7400b.jpg,天津,日常,1854,568650,52820,1232
82,伟龙零食俱乐部,https://i1.hdslb.com/bfs/face/f688b4c82f6a987ea9f908a845ca09fcf914749b.jpg,老板被120w播放的动静震惊到怀疑人生，这次应该不会被老板开除了吧？,https://b23.tv/BV1zr421E7cc,http://i1.hdslb.com/bfs/archive/e5b2b42c9c8c46a87b56ec83080207f82e1ca315.jpg,山东,日常,136,965530,134186,1190
83,摄影师Tefi_腾飞,https://i0.hdslb.com/bfs/face/45efd8b170bd4045bb6c296eb9cbd6bc5cdd7b34.jpg,【第一视角】漫展结束意外发现场外夕阳逆光绝美，趁机会抓拍外场COSer还现场返图！,https://b23.tv/BV17M4m1Z7Hi,http://i0.hdslb.com/bfs/archive/cccfff6b6b2a865c100d6fa59735cf07250096b3.jpg,山东,出行,301,606662,105440,445
84,中国日报,https://i1.hdslb.com/bfs/face/53a3ea3b4c173fc30b2ef4677fb9c915e49faaef.jpg,中法元首会晤当天，巴黎交警“法式优雅”开路,https://b23.tv/BV1aZ421E7GW,http://i0.hdslb.com/bfs/archive/f9a145f8e3b51d973d26dcfced13e7d81765e9f3.jpg,,日常,92,1101560,105502,865
85,方芳的快乐生活,https://i2.hdslb.com/bfs/face/6403112ef1655c35eebc639706114d184edb3472.jpg,和草料哥在东北见面啦！一桌子朝鲜族特色美食把他看呆了！,https://b23.tv/BV1sD421P7TB,http://i2.hdslb.com/bfs/archive/43b2fcc154a855c1fe81f93d679ca597df9bd4fd.jpg,吉林,美食侦探,2874,846010,49971,1116
86,小妤不吃鱼cy,https://i0.hdslb.com/bfs/face/57061501f094a11178d049e8133d3d51c8753237.jpg,阿姨好像嗑起来了,https://b23.tv/BV1Cz421U7Mh,http://i0.hdslb.com/bfs/archive/c151539897d860aaf62b55f2f36b487ce2d59cdc.jpg,湖北,日常,617,1578534,230880,1271
87,独立游戏蜥蜴君,https://i0.hdslb.com/bfs/face/d3d7f0f9e2e0eb5abdd5b31cf6592f8927e9e9ca.jpg,上线2天就98%好评如潮！超好玩的多人生存制作类游戏！—《Abiotic Factor》,https://b23.tv/BV1Lr421g7sv,http://i0.hdslb.com/bfs/archive/90f15f1ec1bac1f53d3d0f4ef480692b047b9aa9.jpg,浙江,单机游戏,451,859733,26040,865
88,SEVENTEEN,https://i2.hdslb.com/bfs/face/f73db23ff4508b563937d5ded4c67ed36fb8f238.jpg,[Choreography Video] SEVENTEEN - MAESTRO,https://b23.tv/BV1Sx4y1q73w,http://i1.hdslb.com/bfs/archive/cdd69a4e7a53ee297d93729c9b4ffccb3c7dc87f.jpg,北京,明星舞蹈,6993,339400,43180,1465
89,东土大唐在逃三藏,https://i2.hdslb.com/bfs/face/e0f5fa3b537d76cc59f86766e6b5c94a693b3a18.jpg,《短发女青年双耳离奇失踪事件》,https://b23.tv/BV17M4m1Z7zF,http://i2.hdslb.com/bfs/archive/9f3244ad22ddd8a687486308b9494441fecfe6de.jpg,江苏,搞笑,776,649511,129959,1191
90,肘克冷门信仰玩家,https://i0.hdslb.com/bfs/face/3cf1232ce26ee753f1db204d2923e920642e6a33.jpg,【宁芙小动画】幻想自己有新衣服的鸡块勾,https://b23.tv/BV1Pm411y7PH,http://i0.hdslb.com/bfs/archive/0c12b317633ef6c2369ad83d8f25e4fecca0859f.jpg,广西,手机游戏,755,356816,58310,1878
91,wrizedm,https://i2.hdslb.com/bfs/face/28912f7c3f1593681c96dd39e5bd7efdced1f045.jpg,“质问苍天的那一刻，艺术达到了顶峰！”,https://b23.tv/BV1St421F7Ny,http://i1.hdslb.com/bfs/archive/e5ec6f69d3f5a185d4e85381d3b75012a8f75fdb.jpg,北京,影视剪辑,252,494293,64307,560
92,呓语南俅,https://i1.hdslb.com/bfs/face/2e6bcde01705332a9c35ba4142e5e198f743ee0a.jpg,“骗你的，其实我没想困住你”,https://b23.tv/BV1gt421F7om,http://i1.hdslb.com/bfs/archive/07f7d7af341a67d4968ac0a7b0dfe138e89d3ef2.jpg,广东,单机游戏,127,580697,102003,446
93,鲤鱼Ace,http://i0.hdslb.com/bfs/face/556617d09ef2b968f4bd2d7a0f5d08a206352ec1.jpg,猫司机,https://b23.tv/BV1LD421P7Jg,http://i2.hdslb.com/bfs/archive/9e7e6713c4bd1964dc11af8f59f17d376d1baee1.jpg,吉林,单机游戏,6374,1166784,38500,1795
94,ROG玩家国度俱乐部,https://i2.hdslb.com/bfs/face/fe75b85fa0db59aaa886867b322b2be1f5ac6b1c.jpg,电脑上有这个浏览器，这两个设置一定要做！！！,https://b23.tv/BV1sJ4m1K7pP,http://i0.hdslb.com/bfs/archive/a10212dc2c063bacc274cab07ea03f108cbaec90.jpg,浙江,数码,69,642998,38881,1023
95,鬼叔黍,https://i0.hdslb.com/bfs/face/6d1ff132534fcec857cfbd22b692705b9b8e0edf.jpg,回来了！45个648解放大号战力，拉满各种战力活动，战力玩家最痛快的一集！,https://b23.tv/BV1fr421E7Xm,http://i2.hdslb.com/bfs/archive/63cabf96fbc1edd8d6d5a39e15a9574e02a5493d.jpg,广东,手机游戏,1469,580503,36482,1064
96,佐悠-Leisurely,https://i2.hdslb.com/bfs/face/79fef1e68d835d382d582e227e05a8737515a9ce.jpg,当我一斧3000暴击时，阁下该如何应对！！！,https://b23.tv/BV1j142167tL,http://i1.hdslb.com/bfs/archive/97a6d4baa644b3d8a872e65367729d6e1957e231.jpg,广东,电子竞技,726,665122,70120,576
97,雨琪在芬兰,https://i2.hdslb.com/bfs/face/59f832f5fdb0a01391339ce842e4dae00c2f504a.jpg,芬兰家人和四川妈妈时隔五年终于大团圆！被十四道四川豪华家宴震惊一万年！开箱妈妈带的中国礼物感动连连！,https://b23.tv/BV1g1421r7G7,http://i1.hdslb.com/bfs/archive/85a2ab808d5966bbb688dfe4776cb6d4a585e0ad.jpg,芬兰,美食记录,5105,977646,67511,1353
98,全网搜撒欢,https://i0.hdslb.com/bfs/face/5ac58d225b231349060b127db660c9ead7c36e49.jpg,这串泡泡含妈量极高,https://b23.tv/BV1MH4y1G7p3,http://i1.hdslb.com/bfs/archive/388cf5ff4480ed6e0dd85989061388d76a831810.jpg,吉林,搞笑,362,2963729,213955,1120
99,小柴独家体验,https://i0.hdslb.com/bfs/face/521db5e14a88d37b9fe84d7c28f0c242d14acfc9.jpg,这家酒店体验“手可摘星辰”,https://b23.tv/BV1y1421672h,http://i1.hdslb.com/bfs/archive/477d5e9883d6e1c93a3b70018dba1829304052be.jpg,江苏,出行,89,377537,40892,369
100,狂阿弥_,https://i0.hdslb.com/bfs/face/058bed7faee94ad5ac573d8eb7e31535e4850f41.jpg,200w粉丝了，她只请我吃了一碗面…,https://b23.tv/BV1Zf421m7N1,http://i2.hdslb.com/bfs/archive/9aa4f229e8cb22fa9fa821f85af0ce35e84fbade.jpg,广东,日常,2110,360202,38253,1253
